XCOORD,YCOORD
3.87686,0.00000
3.88500,0.02000
3.89321,0.04000
3.90149,0.06000
3.90969,0.08000
3.91797,0.10000
3.92630,0.12000
3.93464,0.14000
3.94307,0.16000
3.95142,0.18000
3.95984,0.20000
3.96837,0.22000
3.97679,0.24000
3.98534,0.26000
3.99392,0.28000
4.00000,0.29420
