XCOORD,YCOORD
3.78300,0.00000
3.79095,0.02000
3.79899,0.04000
3.80704,0.06000
3.81505,0.08000
3.82316,0.10000
3.83128,0.12000
3.83941,0.14000
3.84758,0.16000
3.85575,0.18000
3.86403,0.20000
3.87227,0.22000
3.88059,0.24000
3.88886,0.26000
3.89721,0.28000
3.90560,0.30000
3.91401,0.32000
3.92246,0.34000
3.93088,0.36000
3.93939,0.38000
3.94790,0.40000
3.95650,0.42000
3.96506,0.44000
3.97372,0.46000
3.98239,0.48000
3.99112,0.50000
3.99983,0.52000
4.00000,0.52038
