XCOORD,YCOORD
3.82505,0.00000
3.83314,0.02000
3.84120,0.04000
3.84932,0.06000
3.85751,0.08000
3.86563,0.10000
3.87381,0.12000
3.88206,0.14000
3.89032,0.16000
3.89866,0.18000
3.90697,0.20000
3.91532,0.22000
3.92369,0.24000
3.93210,0.26000
3.94048,0.28000
3.94898,0.30000
3.95746,0.32000
3.96600,0.34000
3.97462,0.36000
3.98321,0.38000
3.99186,0.40000
3.98000,0.37253
4.00000,0.41886
