XCOORD,YCOORD
3.84585,0.00000
3.85401,0.02000
3.86212,0.04000
3.87026,0.06000
3.87848,0.08000
3.88665,0.10000
3.89489,0.12000
3.90321,0.14000
3.91148,0.16000
3.91984,0.18000
3.92820,0.20000
3.93665,0.22000
3.94505,0.24000
3.95353,0.26000
3.96198,0.28000
3.97048,0.30000
3.97908,0.32000
3.98762,0.34000
3.99627,0.36000
4.00000,0.36863
