XCOORD,YCOORD
3.83547,0.00000
3.84359,0.02000
3.85168,0.04000
3.85984,0.06000
3.86801,0.08000
3.87616,0.10000
3.88437,0.12000
3.89265,0.14000
3.90090,0.16000
3.90926,0.18000
3.91761,0.20000
3.92601,0.22000
3.93439,0.24000
3.94283,0.26000
3.95124,0.28000
3.95973,0.30000
3.96827,0.32000
3.97681,0.34000
3.98546,0.36000
3.99408,0.38000
4.00000,0.39363
