XCOORD,YCOORD
3.91772,0.00000
3.92597,0.02000
3.93423,0.04000
3.94260,0.06000
3.95092,0.08000
3.95933,0.10000
3.96768,0.12000
3.97613,0.14000
3.98459,0.16000
3.99311,0.18000
4.00000,0.19622
