XCOORD,YCOORD
3.93802,0.00000
3.94631,0.02000
3.95457,0.04000
3.96299,0.06000
3.97138,0.08000
3.97974,0.10000
3.98821,0.12000
3.99667,0.14000
4.00000,0.14783
