XCOORD,YCOORD
3.97815,0.00000
3.98655,0.02000
3.99492,0.04000
4.00000,0.05202
