XCOORD,YCOORD
3.79353,0.00000
3.80153,0.02000
3.80958,0.04000
3.81762,0.06000
3.82569,0.08000
3.83385,0.10000
3.84197,0.12000
3.85011,0.14000
3.85833,0.16000
3.86651,0.18000
3.87478,0.20000
3.88306,0.22000
3.89141,0.24000
3.89973,0.26000
3.90810,0.28000
3.91647,0.30000
3.92495,0.32000
3.93339,0.34000
3.94191,0.36000
3.95038,0.38000
3.95895,0.40000
3.96757,0.42000
3.97617,0.44000
3.98483,0.46000
3.99350,0.48000
4.00000,0.49481
