XCOORD,YCOORD
3.90756,0.00000
3.91577,0.02000
3.92403,0.04000
3.93236,0.06000
3.94067,0.08000
3.94902,0.10000
3.95737,0.12000
3.96582,0.14000
3.97425,0.16000
3.98275,0.18000
3.99120,0.20000
3.99974,0.22000
4.00000,0.22061
