XCOORD,YCOORD
3.81458,0.00000
3.82267,0.02000
3.83068,0.04000
3.83878,0.06000
3.84693,0.08000
3.85508,0.10000
3.86323,0.12000
3.87144,0.14000
3.87973,0.16000
3.88797,0.18000
3.89629,0.20000
3.90457,0.22000
3.91296,0.24000
3.92134,0.26000
3.92973,0.28000
3.93821,0.30000
3.94665,0.32000
3.95516,0.34000
3.96375,0.36000
3.97230,0.38000
3.98093,0.40000
3.98956,0.42000
3.99829,0.44000
4.00000,0.44392
