XCOORD,YCOORD
3.85622,0.00000
3.86438,0.02000
3.87249,0.04000
3.88068,0.06000
3.88891,0.08000
3.89712,0.10000
3.90539,0.12000
3.91374,0.14000
3.92205,0.16000
3.93037,0.18000
3.93878,0.20000
3.94725,0.22000
3.95569,0.24000
3.96418,0.26000
3.97267,0.28000
3.98122,0.30000
3.98979,0.32000
3.99843,0.34000
4.00000,0.34363
