XCOORD,YCOORD
3.95814,0.00000
3.96648,0.02000
3.97480,0.04000
3.98327,0.06000
3.99167,0.08000
3.98000,0.05226
4.00000,0.09964
