XCOORD,YCOORD
3.96815,0.00000
3.97653,0.02000
3.98487,0.04000
3.99332,0.06000
4.00000,0.07583
