XCOORD,YCOORD
3.89738,0.00000
3.90556,0.02000
3.91379,0.04000
3.92210,0.06000
3.93036,0.08000
3.93870,0.10000
3.94706,0.12000
3.95547,0.14000
3.96389,0.16000
3.97234,0.18000
3.98078,0.20000
3.98932,0.22000
3.99784,0.24000
4.00000,0.24500
