XCOORD,YCOORD
3.80405,0.00000
3.81212,0.02000
3.82016,0.04000
3.82820,0.06000
3.83633,0.08000
3.84450,0.10000
3.85261,0.12000
3.86080,0.14000
3.86904,0.16000
3.87726,0.18000
3.88554,0.20000
3.89382,0.22000
3.90220,0.24000
3.91054,0.26000
3.91897,0.28000
3.92734,0.30000
3.93582,0.32000
3.94429,0.34000
3.95284,0.36000
3.96137,0.38000
3.96995,0.40000
3.97862,0.42000
3.98724,0.44000
3.99594,0.46000
4.00000,0.46936
