XCOORD,YCOORD
3.88713,0.00000
3.89531,0.02000
3.90354,0.04000
3.91180,0.06000
3.92005,0.08000
3.92834,0.10000
3.93672,0.12000
3.94505,0.14000
3.95349,0.16000
3.96193,0.18000
3.97031,0.20000
3.97889,0.22000
3.98732,0.24000
3.99593,0.26000
4.00000,0.26951
