XCOORD,YCOORD
3.92787,0.00000
3.93617,0.02000
3.94442,0.04000
3.95281,0.06000
3.96117,0.08000
3.96954,0.10000
3.97799,0.12000
3.98641,0.14000
3.99490,0.16000
4.00000,0.17193
