XCOORD,YCOORD
3.94809,0.00000
3.95641,0.02000
3.96470,0.04000
3.97315,0.06000
3.98157,0.08000
3.98995,0.10000
3.99842,0.12000
4.00000,0.12373
