XCOORD,YCOORD
3.86655,0.00000
3.87469,0.02000
3.88285,0.04000
3.89109,0.06000
3.89932,0.08000
3.90755,0.10000
3.91586,0.12000
3.92422,0.14000
3.93258,0.16000
3.94089,0.18000
3.94932,0.20000
3.95783,0.22000
3.96626,0.24000
3.97476,0.26000
3.98333,0.28000
3.99186,0.30000
3.98000,0.27222
4.00000,0.31889
